"","Measles-containing-vaccine first-dose (MCV1) immunization coverage among 1-year-olds (%)","Measles-containing-vaccine first-dose (MCV1) immunization coverage among 1-year-olds (%)","Measles-containing-vaccine first-dose (MCV1) immunization coverage among 1-year-olds (%)","Measles-containing-vaccine first-dose (MCV1) immunization coverage among 1-year-olds (%)","Measles-containing-vaccine first-dose (MCV1) immunization coverage among 1-year-olds (%)","Measles-containing-vaccine first-dose (MCV1) immunization coverage among 1-year-olds (%)","Measles-containing-vaccine first-dose (MCV1) immunization coverage among 1-year-olds (%)","Measles-containing-vaccine first-dose (MCV1) immunization coverage among 1-year-olds (%)","Measles-containing-vaccine first-dose (MCV1) immunization coverage among 1-year-olds (%)","Measles-containing-vaccine first-dose (MCV1) immunization coverage among 1-year-olds (%)","Measles-containing-vaccine first-dose (MCV1) immunization coverage among 1-year-olds (%)","Measles-containing-vaccine first-dose (MCV1) immunization coverage among 1-year-olds (%)","Measles-containing-vaccine first-dose (MCV1) immunization coverage among 1-year-olds (%)","Measles-containing-vaccine first-dose (MCV1) immunization coverage among 1-year-olds (%)","Measles-containing-vaccine first-dose (MCV1) immunization coverage among 1-year-olds (%)","Measles-containing-vaccine first-dose (MCV1) immunization coverage among 1-year-olds (%)","Measles-containing-vaccine first-dose (MCV1) immunization coverage among 1-year-olds (%)","Measles-containing-vaccine first-dose (MCV1) immunization coverage among 1-year-olds (%)","Measles-containing-vaccine first-dose (MCV1) immunization coverage among 1-year-olds (%)","Measles-containing-vaccine first-dose (MCV1) immunization coverage among 1-year-olds (%)","Measles-containing-vaccine first-dose (MCV1) immunization coverage among 1-year-olds (%)","Measles-containing-vaccine first-dose (MCV1) immunization coverage among 1-year-olds (%)","Measles-containing-vaccine first-dose (MCV1) immunization coverage among 1-year-olds (%)","Measles-containing-vaccine first-dose (MCV1) immunization coverage among 1-year-olds (%)","Measles-containing-vaccine first-dose (MCV1) immunization coverage among 1-year-olds (%)","Measles-containing-vaccine first-dose (MCV1) immunization coverage among 1-year-olds (%)","Measles-containing-vaccine first-dose (MCV1) immunization coverage among 1-year-olds (%)","Measles-containing-vaccine first-dose (MCV1) immunization coverage among 1-year-olds (%)","Measles-containing-vaccine first-dose (MCV1) immunization coverage among 1-year-olds (%)","Measles-containing-vaccine first-dose (MCV1) immunization coverage among 1-year-olds (%)","Measles-containing-vaccine first-dose (MCV1) immunization coverage among 1-year-olds (%)","Measles-containing-vaccine first-dose (MCV1) immunization coverage among 1-year-olds (%)","Measles-containing-vaccine first-dose (MCV1) immunization coverage among 1-year-olds (%)","Measles-containing-vaccine first-dose (MCV1) immunization coverage among 1-year-olds (%)","Measles-containing-vaccine first-dose (MCV1) immunization coverage among 1-year-olds (%)","Measles-containing-vaccine first-dose (MCV1) immunization coverage among 1-year-olds (%)","Measles-containing-vaccine first-dose (MCV1) immunization coverage among 1-year-olds (%)","Measles-containing-vaccine first-dose (MCV1) immunization coverage among 1-year-olds (%)","Measles-containing-vaccine first-dose (MCV1) immunization coverage among 1-year-olds (%)","Measles-containing-vaccine first-dose (MCV1) immunization coverage among 1-year-olds (%)"
"Country"," 2019"," 2018"," 2017"," 2016"," 2015"," 2014"," 2013"," 2012"," 2011"," 2010"," 2009"," 2008"," 2007"," 2006"," 2005"," 2004"," 2003"," 2002"," 2001"," 2000"," 1999"," 1998"," 1997"," 1996"," 1995"," 1994"," 1993"," 1992"," 1991"," 1990"," 1989"," 1988"," 1987"," 1986"," 1985"," 1984"," 1983"," 1982"," 1981"," 1980"
"Afghanistan","64","64","64","64","63","60","57","59","64","62","60","59","55","53","50","48","39","35","37","27","31","31","38","42","41","40","25","22","19","20","22","34","31","14","14","14","9","8","","11"
"Albania","95","94","96","96","97","98","99","98","99","99","97","98","97","95","97","96","93","96","95","95","85","89","95","92","91","90","76","87","80","88","96","96","96","96","96","96","96","93","90","90"
"Algeria","80","80","88","94","95","95","95","95","95","95","92","88","92","91","83","81","84","81","83","80","83","84","92","90","89","88","87","86","85","83","82","81","73","67","68","","","","",""
"Andorra","99","99","99","97","96","96","95","98","99","99","98","98","94","91","94","98","96","98","97","97","97","90","90","","","","","","","","","","","","","","","","",""
"Angola","51","50","42","45","51","56","59","65","57","62","46","48","58","21","21","43","44","59","60","32","40","59","78","62","46","44","47","39","39","38","48","56","55","44","44","35","26","","",""
"Antigua and Barbuda","93","96","99","88","91","93","96","98","99","98","99","99","99","99","99","97","99","99","97","95","99","99","93","99","93","91","99","99","87","89","95","95","89","80","69","73","48","","",""
"Argentina","94","94","89","90","89","95","94","94","95","95","96","96","94","97","98","99","97","95","89","91","97","95","93","99","99","96","95","92","99","93","89","87","80","87","54","79","67","67","77","61"
"Armenia","95","95","96","97","97","97","97","97","97","97","96","94","92","92","94","92","94","91","93","92","92","94","92","89","96","95","95","93","","","","","","","","","","","",""
"Australia","95","95","95","95","95","94","94","94","94","94","94","94","94","94","94","94","94","94","92","91","88","82","85","87","87","86","86","86","86","86","85","77","68","68","68","68","68","","",""
"Austria","94","94","96","95","96","96","92","88","84","80","76","83","79","80","75","74","79","78","79","75","65","78","90","87","60","60","60","60","60","60","60","60","60","60","40","30","25","25","25",""
"Azerbaijan","98","96","98","98","98","98","98","94","92","89","85","79","75","69","67","67","67","66","68","67","68","67","66","65","64","60","49","52","","","","","","","","","","","",""
"Bahamas","85","89","90","89","94","92","92","91","90","94","98","90","96","88","85","89","90","94","94","93","86","92","93","92","90","88","88","94","93","86","87","78","87","85","79","63","66","65","",""
"Bahrain","99","99","99","99","99","99","99","99","99","99","99","99","99","99","99","99","99","99","98","98","94","99","94","95","95","93","90","87","88","87","85","78","78","78","78","65","59","54","50","45"
"Bangladesh","97","97","97","97","97","94","91","88","93","88","93","92","89","83","88","81","76","75","77","74","71","71","72","69","79","78","74","69","68","65","53","13","6","3","1","1","1","1","",""
"Barbados","92","85","92","92","96","95","87","90","93","85","94","94","75","92","93","98","90","91","93","94","86","97","92","99","92","97","92","90","92","87","85","84","85","84","88","84","55","53","47","41"
"Belarus","98","98","97","98","99","99","99","98","99","99","99","99","99","97","99","99","99","99","99","98","98","98","97","96","93","97","96","94","","","","","","","","","","","",""
"Belgium","96","96","96","96","96","96","96","96","95","95","95","93","92","92","88","82","82","82","82","82","82","80","76","73","85","78","70","87","67","85","75","75","50","90","82","74","66","58","50",""
"Belize","96","97","90","95","96","95","99","96","98","98","97","96","96","99","95","97","96","88","94","96","82","84","85","81","83","82","80","69","76","86","71","59","53","85","49","43","43","51","40","21"
"Benin","71","71","70","68","67","65","68","74","70","68","71","66","70","66","61","63","65","66","68","70","69","67","66","60","65","78","67","70","60","79","48","30","26","20","23","","","","",""
"Bhutan","97","97","97","97","97","97","94","95","95","95","94","99","95","90","93","87","88","78","78","78","77","71","84","85","85","81","84","86","89","93","79","64","58","51","44","36","21","20","21","21"
"Bolivia (Plurinational State of)","79","89","83","94","95","89","87","92","96","88","93","92","86","88","89","90","96","91","88","84","79","65","51","61","58","64","57","57","54","53","59","58","57","55","21","20","13","15","17","13"
"Bosnia and Herzegovina","68","68","69","68","83","89","92","94","89","91","93","84","96","85","90","88","84","89","92","80","83","84","86","70","53","57","48","52","","","","","","","","","","","",""
"Botswana","97","97","97","97","97","97","97","97","97","96","96","95","95","94","93","93","92","92","91","91","90","89","89","89","89","88","88","88","88","87","87","87","87","91","85","82","79","75","70","63"
"Brazil","91","92","91","95","96","97","98","99","99","99","99","99","99","99","98","97","97","96","99","99","99","95","99","80","87","77","85","91","85","78","60","62","64","67","67","73","68","66","73","57"
"Brunei Darussalam","97","99","97","98","96","97","96","95","91","94","99","99","97","97","98","99","98","99","99","99","94","99","98","99","99","99","99","92","96","99","99","99","99","99","98","90","94","88","80","73"
"Bulgaria","93","93","94","92","92","93","95","94","95","97","96","96","96","96","96","95","96","92","90","89","96","95","93","95","94","93","88","92","98","99","99","99","99","99","99","98","98","90","98","98"
"Burkina Faso","88","88","88","88","88","88","82","87","89","92","94","94","94","88","84","78","76","64","63","48","36","24","41","40","43","45","50","60","69","79","66","52","37","40","38","","","","",""
"Burundi","92","88","90","93","93","94","98","93","93","92","91","84","88","92","87","78","76","75","73","72","70","68","77","79","80","42","69","69","74","74","73","46","54","59","32","27","54","40","28",""
"Cabo Verde","98","99","96","93","92","93","91","91","96","97","97","96","95","94","92","91","90","89","88","86","85","84","83","84","85","87","88","82","76","79","84","80","75","58","54","","","","",""
"Cambodia","84","84","84","84","84","83","79","84","88","90","92","89","79","78","79","80","65","52","59","65","63","54","50","56","62","50","36","33","39","34","39","39","53","54","29","27","","","",""
"Cameroon","60","59","65","71","74","78","83","82","76","79","74","80","74","73","68","64","61","53","51","49","46","47","43","39","46","38","32","37","48","56","56","48","44","44","39","31","25","21","16",""
"Canada","90","90","90","89","89","90","90","89","88","90","91","93","94","93","94","94","95","95","95","96","96","96","96","97","96","97","96","94","92","89","87","85","70","","","","","","",""
"Central African Republic","49","49","49","49","49","49","25","49","49","53","56","58","59","61","62","55","49","42","35","36","37","37","42","44","46","52","42","32","57","82","69","40","17","24","23","19","16","16","15","12"
"Chad","41","42","37","37","46","45","57","63","54","46","36","27","31","39","27","16","23","25","26","28","30","20","30","22","26","24","19","25","28","32","32","17","16","12","7","10","","","",""
"Chile","95","93","93","93","96","97","90","90","91","93","93","96","92","91","90","94","96","95","96","97","94","98","96","93","97","96","94","89","99","97","92","95","92","91","92","94","95","96","95","94"
"China","99","99","99","99","99","99","99","99","99","99","99","97","94","93","86","86","85","85","85","84","84","83","83","84","80","75","81","87","92","98","95","95","77","63","88","84","78","","",""
"Colombia","95","95","93","93","94","91","92","94","88","88","89","95","93","95","96","94","93","93","93","88","79","78","80","90","95","84","94","74","78","82","81","74","59","45","51","51","43","28","26","13"
"Comoros","90","90","90","90","90","86","85","85","79","72","79","76","65","66","67","76","67","71","70","70","69","67","49","43","69","59","56","51","40","87","85","40","71","71","18","42","","","",""
"Congo","73","75","70","67","80","80","80","80","83","75","63","69","59","61","54","65","50","37","35","34","23","21","18","42","38","47","55","60","64","75","75","73","69","69","67","52","59","55","49","49"
"Cook Islands","99","99","98","90","99","98","97","97","89","99","78","95","98","99","99","99","99","95","83","76","84","97","88","72","96","72","99","87","94","67","99","92","84","70","76","65","68","","",""
"Costa Rica","95","94","96","93","93","95","91","90","83","83","81","89","90","90","89","88","89","94","82","82","88","83","99","84","91","87","89","92","96","90","77","97","93","90","78","76","84","87","79","60"
"CÃ´te d'Ivoire","76","76","70","73","67","59","69","74","49","64","67","63","67","73","84","78","70","71","71","68","57","66","68","65","57","55","52","54","57","56","41","31","30","31","31","31","","","",""
"Croatia","93","93","89","90","93","94","94","95","96","96","95","96","96","95","96","96","94","95","94","93","92","91","91","92","92","90","90","90","","","","","","","","","","","",""
"Cuba","99","99","99","99","99","99","99","99","99","99","99","98","97","96","98","99","99","98","96","94","96","99","96","99","99","99","96","99","99","94","98","89","99","80","85","82","94","55","49","48"
"Cyprus","86","90","90","90","90","86","86","86","87","87","87","87","87","87","86","86","86","86","86","86","87","89","90","90","83","82","81","80","78","77","76","74","91","60","43","25","19","21","28","29"
"Czechia","92","96","97","98","99","99","99","98","98","98","98","97","98","97","97","97","97","98","97","97","97","95","96","97","96","97","98","","","","","","","","","","","","",""
"Democratic People's Republic of Korea","98","98","99","99","98","99","99","99","99","99","98","98","99","96","96","95","95","98","92","78","63","49","34","50","67","83","99","99","98","98","99","58","35","44","38","31","30","29","31","29"
"Democratic Republic of the Congo","57","57","57","57","64","67","71","72","74","74","72","64","68","63","61","57","49","42","35","46","15","20","20","21","27","39","33","25","17","38","41","44","41","39","40","30","30","25","23","18"
"Denmark","96","95","97","94","91","90","89","90","87","85","84","87","89","90","95","96","96","95","94","99","92","91","84","85","88","88","81","85","86","84","80","72","82","","","","","","",""
"Djibouti","83","86","81","75","74","71","80","83","84","85","84","73","74","67","65","60","66","62","49","50","23","21","31","41","41","42","41","41","53","85","75","68","22","19","27","20","18","15","",""
"Dominica","92","84","77","96","96","94","93","99","99","99","99","99","96","97","98","99","99","99","99","99","99","98","99","99","99","99","99","99","98","88","88","90","87","97","93","85","63","43","",""
"Dominican Republic","96","95","86","85","90","88","83","88","87","85","84","83","82","81","79","81","83","86","88","85","83","80","79","79","78","76","75","73","72","70","65","29","71","71","54","19","24","25","18","30"
"Ecuador","83","83","81","86","84","85","97","96","94","95","97","98","98","97","93","99","99","99","99","99","99","89","77","79","81","83","85","69","54","60","57","53","47","50","51","54","34","45","31","24"
"Egypt","95","94","94","95","92","93","96","93","96","96","95","92","97","98","98","97","98","97","97","98","96","98","92","92","89","89","89","89","89","86","86","85","76","78","74","47","41","41","41","41"
"El Salvador","82","81","85","90","95","95","94","93","89","92","91","95","99","98","99","93","90","93","95","97","94","99","98","94","93","80","86","55","54","98","73","63","48","51","71","41","46","43","44","45"
"Equatorial Guinea","53","53","53","53","50","53","51","49","46","44","45","45","46","47","47","48","48","49","50","50","51","82","82","81","81","80","79","82","85","88","18","46","32","17","11","","","","",""
"Eritrea","99","99","99","99","97","90","94","98","96","95","93","91","92","94","95","96","92","83","84","76","88","79","73","66","58","51","34","","","","","","","","","","","","",""
"Estonia","88","87","93","93","93","93","94","94","94","95","95","95","96","96","96","96","95","95","95","93","92","89","88","86","81","76","74","","","","","","","","","","","","",""
"Eswatini","81","85","89","89","89","97","96","88","87","94","94","94","94","93","93","93","93","93","93","92","92","92","92","82","94","94","85","85","80","85","85","85","65","74","54","50","46","38","30",""
"Ethiopia","58","55","59","57","56","54","55","62","68","64","59","54","49","44","40","35","35","36","35","36","37","44","51","54","38","54","22","12","17","38","23","15","13","10","12","8","7","7","3","4"
"Fiji","96","96","96","96","96","96","96","96","96","96","95","95","94","92","90","88","86","85","83","81","79","77","75","94","94","96","96","91","93","84","65","69","64","61","57","22","25","2","40","32"
"Finland","96","96","94","94","95","96","97","97","97","98","98","97","98","97","97","97","97","96","96","96","96","96","96","98","98","99","99","99","97","97","95","98","92","87","85","83","81","75","70",""
"France","90","90","90","90","91","91","90","91","89","89","89","89","90","89","87","88","87","86","85","84","83","82","83","84","83","80","78","76","74","71","58","51","45","39","35","26","15","","",""
"Gabon","62","59","63","64","68","61","70","71","72","62","63","67","62","55","55","55","55","55","55","55","55","56","56","57","57","60","63","66","71","76","76","68","67","66","58","","","","",""
"Gambia","85","91","90","97","97","96","96","95","91","92","96","92","88","89","91","92","90","90","89","89","90","90","91","94","91","89","87","83","87","86","85","80","88","62","75","79","70","71","70","69"
"Georgia","99","98","95","93","96","92","97","93","91","94","83","97","97","96","90","86","76","75","74","73","76","73","69","65","61","63","61","16","","","","","","","","","","","",""
"Germany","97","97","97","97","97","97","97","97","97","97","97","97","97","96","96","96","95","94","94","92","92","92","91","91","92","90","89","75","75","75","75","75","75","70","50","48","47","50","50","25"
"Ghana","92","92","95","89","89","92","89","88","91","93","93","86","95","85","83","83","80","78","78","90","81","78","73","71","70","68","66","64","63","61","65","59","51","31","21","10","16","21","23","16"
"Greece","97","97","97","97","97","97","99","99","99","99","99","99","99","98","96","95","94","92","91","89","88","89","90","90","70","70","72","72","72","76","76","82","81","39","77","75","","","",""
"Grenada","94","84","85","95","99","94","94","94","95","95","98","99","98","98","99","74","99","96","99","92","94","97","92","85","88","87","99","73","96","85","89","48","77","62","49","31","7","5","",""
"Guatemala","90","87","86","86","77","67","85","93","89","93","92","96","86","95","93","95","94","92","91","86","83","79","74","69","83","66","71","59","49","68","60","55","24","55","23","24","9","12","8","23"
"Guinea","47","47","47","47","47","50","54","58","62","58","53","55","57","51","51","50","48","46","44","42","40","52","56","61","61","58","55","52","42","35","27","27","28","28","29","29","30","34","15",""
"Guinea-Bissau","86","86","86","86","85","84","82","81","83","76","69","71","73","74","76","75","74","73","72","71","70","61","51","49","45","68","68","60","52","53","65","52","68","59","35","31","27","","",""
"Guyana","98","98","99","99","99","99","99","99","98","95","97","95","96","90","92","88","89","93","92","86","87","93","82","91","77","83","92","73","76","73","69","55","52","42","40","56","51","68","",""
"Haiti","65","69","69","69","69","69","68","66","65","64","63","62","60","59","58","57","57","56","55","55","54","53","52","50","49","48","44","39","35","31","31","59","23","26","21","8","6","3","",""
"Honduras","87","89","96","96","96","96","97","97","97","98","98","93","94","95","96","92","95","97","99","98","98","98","89","91","89","93","94","89","86","90","94","76","57","60","53","44","49","48","34","31"
"Hungary","99","99","99","99","99","99","99","99","99","99","99","99","99","99","99","99","99","99","99","99","99","99","99","99","99","99","99","99","99","99","99","99","99","99","99","99","99","99","99","99"
"Iceland","93","93","92","91","93","90","91","90","94","93","92","96","95","95","90","93","93","91","88","91","94","96","99","99","99","98","99","99","99","99","99","99","97","95","96","96","81","","",""
"India","95","93","90","88","87","85","83","83","84","82","78","72","70","69","68","64","60","56","57","56","56","53","55","66","72","67","59","51","43","56","42","32","24","10","1","","","","",""
"Indonesia","88","89","90","88","87","86","87","82","80","78","74","76","76","79","77","76","74","72","76","76","77","77","77","79","63","66","68","65","61","58","54","51","48","45","26","13","6","","",""
"Iran (Islamic Republic of)","99","99","99","99","99","99","98","98","99","99","99","98","97","99","94","96","99","99","96","99","99","99","95","99","95","97","96","96","84","85","79","83","55","55","62","38","38","55","48","39"
"Iraq","82","83","85","80","71","68","72","74","80","75","81","76","64","62","69","69","73","77","82","86","90","88","85","82","80","72","63","67","71","75","79","85","91","75","70","25","12","11","10","9"
"Ireland","91","92","92","92","93","93","93","92","92","90","90","89","87","86","84","81","78","73","73","79","77","77","77","77","77","78","78","78","78","78","78","68","66","65","63","10","10","","",""
"Israel","98","98","98","97","98","97","98","96","97","96","97","98","97","96","94","97","96","95","95","95","94","94","97","96","93","92","92","94","94","91","88","86","88","88","85","85","85","88","83","81"
"Italy","94","93","92","87","85","87","90","90","90","91","90","90","90","88","87","86","84","81","77","74","70","55","57","55","50","50","50","50","50","43","","","","","","","","","",""
"Jamaica","94","89","95","95","91","92","94","93","88","89","88","88","76","87","84","86","78","86","85","88","82","88","88","96","90","82","80","63","77","74","71","68","62","36","64","60","15","12","",""
"Japan","96","97","97","96","96","98","95","96","94","94","94","95","96","97","98","98","98","98","98","96","95","95","94","94","93","81","68","69","71","73","77","76","75","74","73","73","70","66","68","69"
"Jordan","87","92","93","96","94","98","97","98","98","98","95","95","95","99","95","99","96","95","99","94","83","93","95","94","92","91","88","91","85","87","84","87","87","81","73","65","56","48","40","29"
"Kazakhstan","99","99","99","99","99","99","99","96","99","99","99","99","99","99","99","99","99","95","95","99","99","99","97","97","95","91","91","89","","","","","","","","","","","",""
"Kenya","89","89","89","96","96","95","94","93","87","86","88","90","80","77","69","73","72","78","77","78","76","90","79","81","83","84","84","84","81","78","75","72","69","65","63","55","","","",""
"Kiribati","94","84","81","80","84","88","91","91","90","89","82","72","93","61","85","56","72","88","76","80","62","77","82","64","47","70","89","77","62","75","63","54","14","9","4","8","24","","",""
"Kuwait","98","98","99","99","93","94","99","99","99","98","99","99","99","99","99","97","97","97","99","99","96","99","95","99","98","98","95","85","75","66","98","97","95","93","91","88","80","79","71","48"
"Kyrgyzstan","96","96","95","97","99","96","99","98","97","99","99","99","99","97","99","99","99","98","99","98","99","98","98","98","97","88","93","94","","","","","","","","","","","",""
"Lao People's Democratic Republic","69","69","72","66","83","87","82","72","69","64","59","52","40","48","41","36","42","55","50","42","71","71","67","73","68","73","46","46","47","32","20","23","11","10","6","6","7","7","7",""
"Latvia","99","98","96","93","96","95","96","90","92","95","92","96","95","98","98","98","98","98","98","97","97","97","97","96","81","81","80","95","","","","","","","","","","","",""
"Lebanon","82","82","82","82","82","82","82","81","81","80","80","79","74","69","63","58","53","59","65","71","77","83","89","85","85","88","88","76","65","61","58","48","39","30","23","16","8","1","",""
"Lesotho","90","90","90","90","93","92","90","91","92","88","84","80","81","82","83","84","85","78","70","74","77","79","80","82","83","82","82","81","81","80","79","79","78","76","73","63","53","51","49","49"
"Liberia","85","91","87","80","74","58","74","80","71","65","83","76","71","63","62","41","47","52","58","63","69","","","","","","","","","","","","","","","","","","",""
"Libya","73","73","94","97","98","93","96","98","98","98","98","98","98","98","97","99","96","91","93","93","92","92","91","93","92","92","91","88","87","89","79","76","75","78","75","76","71","65","66","61"
"Lithuania","93","92","94","94","94","93","93","93","94","96","96","97","97","97","97","98","98","98","97","97","97","97","96","96","94","93","92","89","","","","","","","","","","","",""
"Luxembourg","99","99","99","99","99","99","99","99","96","96","96","96","96","95","95","95","95","94","94","93","92","92","91","91","88","86","83","80","80","80","80","71","77","68","58","49","39","","",""
"Madagascar","69","62","60","59","58","64","63","61","62","66","63","70","81","71","74","79","65","61","59","57","55","51","46","46","55","63","54","54","54","47","44","36","28","18","6","1","","","",""
"Malawi","92","87","83","81","87","85","88","90","96","93","92","88","83","85","82","80","77","69","81","73","82","90","87","90","90","83","87","91","85","81","84","82","79","60","49","50","58","64","64","49"
"Malaysia","97","96","93","93","93","94","95","95","95","95","95","95","95","95","96","95","93","94","95","96","97","96","98","97","97","95","81","82","80","70","61","61","68","35","20","23","11","","",""
"Maldives","99","99","99","99","99","99","99","98","96","97","98","97","97","97","97","97","96","97","98","99","97","98","96","95","96","97","86","98","97","96","88","83","41","50","47","40","37","34","39",""
"Mali","70","70","70","70","66","61","62","67","72","78","73","71","66","68","73","63","57","56","54","49","51","54","56","57","52","46","51","35","42","43","40","23","11","27","19","","","","",""
"Malta","96","96","91","93","89","98","99","93","84","73","82","78","79","94","86","94","90","65","70","74","67","60","56","51","51","71","90","92","90","80","86","41","59","35","10","10","","","",""
"Marshall Islands","85","83","83","75","75","79","79","78","88","97","78","86","94","96","86","70","90","80","64","94","93","93","52","69","57","59","36","86","74","52","39","25","31","","","","","","",""
"Mauritania","78","78","78","72","70","75","80","75","67","67","59","65","67","62","65","73","84","87","58","46","62","62","64","66","67","53","49","43","32","38","42","45","27","40","41","42","43","44","45",""
"Mauritius","99","99","89","92","99","98","99","99","99","99","99","98","98","99","98","98","91","84","90","84","80","85","87","61","89","85","84","84","88","76","80","73","69","71","67","55","53","34","",""
"Mexico","73","97","76","96","97","97","89","99","98","95","96","96","96","96","96","96","96","96","95","96","94","96","91","93","90","90","79","88","89","75","85","70","54","60","64","21","23","37","33","35"
"Micronesia (Federated States of)","78","73","76","70","74","83","91","91","92","80","86","86","92","83","96","85","91","88","84","85","79","82","74","82","90","83","80","78","76","81","94","84","69","","","","","","",""
"Monaco","88","88","88","89","89","90","91","91","91","93","92","94","95","94","96","96","97","97","98","98","99","99","99","99","99","99","99","98","98","99","99","99","","","","","","","",""
"Mongolia","98","99","99","98","98","98","97","99","98","97","94","97","98","99","97","99","98","98","95","92","93","93","91","89","85","80","84","84","82","92","86","70","61","11","18","20","1","6","12","17"
"Montenegro","42","42","58","47","64","76","88","90","91","90","86","89","90","90","","","","","","","","","","","","","","","","","","","","","","","","","",""
"Morocco","99","99","99","99","99","99","99","99","99","98","98","96","95","95","97","95","90","94","96","93","90","91","92","93","88","87","83","81","80","79","82","81","73","58","45","42","35","17","",""
"Mozambique","87","87","87","87","87","87","86","85","83","82","80","77","75","76","78","79","80","77","74","71","67","64","61","58","71","65","62","56","55","59","48","44","37","39","39","50","51","58","32",""
"Myanmar","84","93","83","91","84","88","86","84","88","88","87","82","81","78","84","86","80","77","73","84","86","89","88","86","82","77","71","68","67","68","50","32","17","5","","","","","",""
"Namibia","80","82","80","75","85","83","82","76","74","75","76","73","69","63","73","70","70","68","58","69","65","64","59","61","68","70","71","76","76","","","","","","","","","","",""
"Nauru","95","99","95","98","98","98","97","96","99","99","99","99","99","99","80","67","53","40","95","8","49","90","99","","","","","","","","","","","","","","","","",""
"Nepal","92","91","90","83","85","88","88","86","88","86","90","79","81","85","74","73","75","71","71","71","81","67","73","65","56","58","58","58","57","57","57","58","37","37","34","24","11","2","2",""
"Netherlands","94","93","93","94","95","96","96","96","96","96","96","96","96","96","95","96","96","95","95","96","96","96","96","96","94","94","94","95","94","94","94","94","93","93","92","92","92","92","91","91"
"New Zealand","92","92","93","92","93","93","92","92","93","91","89","86","79","82","82","83","84","84","85","85","83","81","99","92","84","87","85","82","82","90","83","75","67","60","64","67","71","74","77","80"
"Nicaragua","99","99","99","99","99","99","99","99","99","99","99","99","99","99","96","84","93","98","99","86","87","91","86","85","85","84","84","83","54","82","63","63","47","51","59","56","41","40","20","15"
"Niger","79","77","82","76","85","80","80","75","69","67","69","66","60","53","47","45","43","41","39","37","35","35","35","38","40","19","19","21","28","25","14","24","27","27","27","22","16","18","19",""
"Nigeria","54","54","54","51","42","44","43","42","49","56","64","53","41","44","41","37","34","30","32","33","35","38","38","38","44","41","40","43","57","54","59","46","36","28","17","9","","","",""
"Niue","99","99","99","99","99","99","99","99","99","99","99","99","99","99","99","99","86","99","99","99","99","99","99","99","34","99","99","99","99","99","99","94","94","73","52","52","58","65","71","77"
"Norway","97","96","96","96","95","94","93","94","93","93","93","93","92","92","90","89","86","87","90","88","90","91","93","92","92","94","93","96","94","87","84","87","87","87","90","80","80","","",""
"Oman","99","99","99","99","99","99","99","99","99","99","99","98","97","96","98","98","98","99","99","99","99","98","98","98","98","97","95","96","96","98","94","87","86","79","65","53","34","24","10","22"
"Pakistan","75","73","76","75","75","71","68","63","59","57","56","56","57","59","61","63","62","60","59","57","56","54","52","50","47","53","52","52","51","50","48","46","43","41","38","33","19","3","2","1"
"Palau","97","90","93","96","95","83","99","91","85","39","75","97","91","98","98","99","99","99","91","83","96","74","83","99","99","41","32","94","98","98","98","99","98","98","","","","","",""
"Panama","97","98","98","95","93","90","92","98","97","97","96","96","95","95","99","97","95","95","95","97","90","96","92","90","84","84","83","76","80","73","73","73","78","74","84","72","85","64","76","71"
"Papua New Guinea","37","37","38","46","57","65","72","71","66","63","65","66","72","82","82","77","77","73","65","69","67","63","50","24","42","36","28","70","69","67","52","46","37","39","33","26","1","","",""
"Paraguay","87","93","92","85","78","84","88","88","91","93","91","91","91","91","91","91","91","86","90","92","82","71","61","81","75","76","96","87","74","69","58","63","56","46","48","62","37","26","16","19"
"Peru","85","85","83","88","92","89","85","94","96","94","91","92","92","93","77","85","95","95","97","97","93","93","91","87","98","75","75","83","74","64","52","52","56","41","53","35","28","32","26","23"
"Philippines","67","67","73","80","82","79","87","87","87","80","88","92","92","92","92","92","87","82","81","78","80","80","79","76","72","75","78","81","83","85","83","77","67","51","49","44","27","9","",""
"Poland","93","93","94","96","96","97","98","98","98","98","98","98","98","99","98","97","97","98","97","97","97","97","97","97","96","96","95","95","94","95","95","95","94","92","92","94","94","93","93","92"
"Portugal","99","99","98","98","98","98","98","97","97","96","95","97","95","97","93","95","96","93","90","87","92","96","96","99","94","91","95","99","96","85","96","84","81","75","70","48","48","46","49","54"
"Qatar","99","99","99","99","99","99","97","97","98","99","99","96","92","99","99","99","93","99","92","91","87","89","87","90","87","86","86","86","84","79","79","73","60","62","62","62","69","22","10","26"
"Republic of Korea","98","98","97","98","98","99","99","99","99","98","93","92","92","99","99","99","96","97","96","95","90","85","85","89","93","92","92","93","93","93","95","70","82","89","89","61","33","5","5","4"
"Republic of Moldova","97","93","93","88","89","90","91","91","91","97","90","95","96","96","97","96","96","94","94","89","93","93","95","90","91","85","64","73","","","","","","","","","","","",""
"North Macedonia","75","75","83","82","89","93","96","96","97","98","96","98","96","94","96","96","96","98","92","97","98","96","98","91","97","88","98","","","","","","","","","","","","",""
"Romania","90","90","86","86","86","89","92","94","93","95","96","96","97","95","97","97","97","98","98","98","98","97","97","94","93","91","93","91","92","92","90","78","90","81","88","86","83","","",""
"Russian Federation","98","98","98","98","98","98","98","98","98","98","98","99","99","99","99","98","98","98","97","97","97","94","91","88","85","81","88","83","","","","","","","","","","","",""
"Rwanda","96","99","97","95","96","97","95","97","95","95","95","92","94","95","89","84","90","69","69","74","78","72","66","76","84","25","74","82","89","83","83","79","78","79","52","53","53","48","42",""
"Saint Kitts and Nevis","97","96","93","98","95","93","99","95","99","99","99","99","99","99","99","98","98","99","90","99","99","99","97","99","99","99","99","99","99","99","90","77","91","96","91","85","","","",""
"Saint Lucia","96","86","87","99","97","99","99","99","91","95","99","99","94","94","94","95","90","98","89","88","95","90","95","95","94","92","94","75","97","82","91","83","81","91","68","60","36","43","",""
"Saint Vincent and the Grenadines","99","99","99","99","99","99","99","94","97","99","99","99","99","99","97","99","94","99","98","96","87","99","99","99","99","99","99","99","99","96","99","97","91","88","74","92","59","40","",""
"Samoa","87","31","58","68","69","82","90","76","59","56","45","44","63","54","57","25","62","99","92","93","91","99","99","96","96","94","92","90","77","89","82","75","78","91","81","83","78","59","",""
"San Marino","86","89","86","82","84","81","82","84","90","88","88","86","90","90","94","94","94","96","97","99","99","99","98","98","97","97","96","99","99","","","","","","","","","","",""
"Sao Tome and Principe","95","95","90","93","93","92","91","92","91","92","90","93","86","85","88","91","87","85","75","69","64","59","60","57","74","65","57","52","77","71","45","69","69","58","35","48","40","32","25",""
"Saudi Arabia","95","98","96","98","98","98","98","98","98","98","98","97","96","95","97","97","96","97","94","94","92","93","92","92","94","93","91","88","95","88","90","81","77","77","79","71","65","53","12","8"
"Senegal","90","83","90","93","80","80","84","83","84","81","79","77","84","80","74","57","60","54","48","48","60","62","65","70","80","59","58","57","54","51","48","60","66","71","","","","","",""
"Serbia","87","92","86","82","86","86","92","87","93","95","95","92","95","88","96","89","87","92","90","89","84","88","92","90","86","81","85","82","","","","","","","","","","","",""
"Seychelles","99","96","99","97","98","99","97","98","99","99","97","99","99","99","99","99","99","98","95","97","99","93","99","98","97","92","92","92","89","86","89","89","95","95","90","77","98","64","29",""
"Sierra Leone","93","87","80","85","78","80","85","86","84","82","80","73","60","65","71","76","73","62","50","37","62","","","","","","","","","","","","","","","","","","",""
"Singapore","95","95","95","95","95","95","95","95","95","95","95","95","95","95","96","95","93","94","95","96","97","96","98","97","97","95","87","89","92","84","81","87","94","85","75","85","88","78","57","47"
"Slovakia","96","96","96","95","95","97","98","99","98","98","99","99","99","98","98","99","99","99","99","98","99","99","99","99","99","97","","","","","","","","","","","","","",""
"Slovenia","94","93","93","92","94","94","94","95","96","95","95","96","96","96","94","94","94","93","94","95","98","93","82","93","93","91","90","90","","","","","","","","","","","",""
"Solomon Islands","81","93","84","82","75","76","76","87","77","74","69","71","90","99","87","87","82","78","83","91","99","66","68","90","68","60","64","70","76","70","92","69","58","31","","","","","",""
"Somalia","46","46","46","46","46","46","46","46","46","46","43","34","35","35","35","40","40","45","20","24","38","32","25","33","34","35","33","32","30","30","30","33","28","25","35","16","6","4","3","9"
"South Africa","72","70","70","85","86","84","78","79","77","72","77","73","68","69","64","63","62","65","69","72","75","79","82","76","76","76","85","85","85","79","84","68","75","64","70","70","74","","",""
"South Sudan","49","49","50","51","53","55","58","60","62","","","","","","","","","","","","","","","","","","","","","","","","","","","","","","",""
"Spain","98","97","98","97","96","96","95","97","97","95","98","98","97","97","97","97","98","97","96","94","95","93","93","90","90","90","90","83","85","99","97","84","85","83","79","68","40","27","8",""
"Sri Lanka","99","99","99","99","99","99","99","99","99","99","97","98","98","99","99","96","99","99","99","99","95","94","94","89","87","84","86","82","79","80","76","68","60","45","20","3","","","",""
"Sudan","90","88","90","86","87","86","85","85","87","90","82","79","79","73","69","67","65","58","58","58","51","49","58","59","51","48","49","52","57","57","61","44","22","11","6","3","2","1","1",""
"Suriname","64","77","76","76","76","70","81","64","79","87","88","86","85","83","91","86","69","73","82","84","85","82","79","87","85","72","61","61","84","65","73","83","70","78","73","75","71","17","39",""
"Sweden","97","97","97","97","98","97","97","98","97","97","97","96","96","97","96","96","95","95","94","91","89","94","96","96","97","97","97","96","96","96","95","95","94","94","94","94","93","91","92","88"
"Switzerland","95","95","95","94","94","94","93","93","93","92","92","92","87","87","87","82","82","82","82","82","82","81","83","83","83","83","83","83","83","90","90","70","70","70","","","","","",""
"Syrian Arab Republic","59","63","67","62","53","54","58","61","80","82","82","81","81","81","81","82","83","84","80","84","86","87","84","85","85","86","86","84","84","87","86","52","37","64","27","23","19","22","14","13"
"Tajikistan","98","98","98","97","97","98","92","94","98","94","89","86","85","82","85","92","91","89","88","88","79","83","84","79","70","73","81","68","","","","","","","","","","","",""
"Thailand","96","96","99","99","99","99","99","98","98","98","98","98","96","96","96","96","96","94","94","94","96","96","93","92","91","86","80","74","79","80","66","63","52","45","26","5","","","",""
"Timor-Leste","85","77","77","73","70","74","70","73","62","66","70","73","63","61","48","55","55","56","","","","","","","","","","","","","","","","","","","","","",""
"Togo","75","71","77","73","75","77","72","72","72","68","66","63","71","78","70","70","68","48","40","58","57","40","43","48","53","57","60","64","69","73","78","62","74","43","27","11","","","",""
"Tonga","99","99","99","98","99","99","99","95","99","99","99","99","99","99","99","99","99","90","93","95","97","96","97","95","94","86","87","87","90","86","84","81","88","37","81","43","67","44","9",""
"Trinidad and Tobago","99","90","93","86","89","96","91","85","92","92","94","91","91","89","93","95","88","87","91","90","88","90","88","88","84","86","87","83","93","70","59","72","68","42","32","10","","","",""
"Tunisia","95","89","91","90","94","94","95","93","94","97","98","98","98","98","96","95","90","94","92","95","90","94","92","92","91","91","92","94","94","93","93","87","81","67","65","55","42","43","",""
"Turkey","97","96","96","98","97","94","98","96","98","97","97","97","96","98","91","81","75","83","91","87","82","81","79","72","65","76","72","78","73","78","71","82","67","64","61","62","63","64","52","27"
"Turkmenistan","99","99","99","99","99","99","99","99","99","99","99","99","99","99","99","97","97","88","98","96","97","99","99","98","92","90","84","76","","","","","","","","","","","",""
"Tuvalu","96","88","95","96","94","94","96","98","98","85","90","93","95","84","62","97","95","99","99","81","94","96","99","94","94","79","64","66","63","95","79","90","65","65","92","71","65","","",""
"Uganda","87","86","83","79","79","85","83","80","75","73","77","70","75","75","68","66","64","62","59","57","55","50","54","55","57","59","57","56","54","52","51","49","38","27","17","18","20","21","22",""
"Ukraine","93","91","86","42","56","56","79","79","67","56","75","94","97","98","96","99","99","99","99","99","99","96","97","92","97","96","94","90","","","","","","","","","","","",""
"United Arab Emirates","99","99","99","99","99","99","98","96","95","94","93","92","92","92","92","94","94","94","94","94","96","95","95","90","90","90","90","85","82","80","78","74","71","67","60","53","51","41","42","34"
"United Kingdom of Great Britain and Northern Ireland","91","92","92","92","93","93","93","92","90","89","86","86","86","85","82","81","82","85","85","88","88","87","91","92","92","91","91","92","90","87","84","80","76","71","68","63","60","58","55","53"
"United Republic of Tanzania","88","88","90","83","95","97","99","97","93","92","91","88","90","93","91","94","97","89","86","78","72","72","73","78","78","79","77","81","79","80","79","83","78","97","66","55","60","50","51","46"
"United States of America","90","92","92","92","92","92","92","91","92","92","90","92","92","92","92","93","93","91","91","91","92","92","91","91","88","89","84","83","87","90","94","98","82","97","97","98","98","97","97","86"
"Uruguay","96","97","96","95","96","96","96","96","95","95","94","95","96","94","95","95","95","95","94","89","99","96","92","89","90","90","90","93","96","97","82","72","88","82","59","66","65","52","55","50"
"Uzbekistan","98","96","99","99","99","99","97","99","99","98","95","98","98","98","99","98","99","97","99","99","96","95","96","95","91","71","82","84","","","","","","","","","","","",""
"Vanuatu","80","75","80","84","76","90","84","79","75","70","65","61","56","52","53","55","56","58","59","61","62","64","65","61","60","53","74","66","63","66","50","46","34","22","26","18","23","20","",""
"Venezuela (Bolivarian Republic of)","93","74","96","88","92","89","85","87","86","79","87","93","87","82","76","80","83","83","98","84","84","92","68","64","47","94","62","61","63","61","50","51","54","48","56","41","42","45","43","50"
"Viet Nam","95","97","97","99","97","97","98","96","96","98","97","92","83","93","95","97","93","96","98","97","94","96","96","96","95","96","93","90","88","88","76","56","36","39","19","4","3","1","",""
"Yemen","67","64","65","70","67","67","70","63","66","68","65","69","71","65","73","74","64","62","72","70","74","66","41","43","40","31","51","46","53","69","48","34","22","15","13","8","6","4","4","2"
"Zambia","93","94","96","93","90","85","80","82","83","96","90","87","93","85","85","85","84","84","84","85","85","86","86","86","86","96","91","85","80","90","80","80","80","58","58","57","56","","",""
"Zimbabwe","85","88","90","95","86","92","93","97","92","90","76","70","69","68","67","66","68","70","73","75","77","79","84","88","87","87","86","86","87","87","87","88","88","83","78","62","60","58","56",""
